{
  "project_info": {
    "project_number": "635961152333",
    "firebase_url": "https://cannamaster-8fa85.firebaseio.com",
    "project_id": "cannamaster-8fa85",
    "storage_bucket": "cannamaster-8fa85.appspot.com"
  },
  "client": [
    {
      "client_info": {
        "mobilesdk_app_id": "1:635961152333:android:3fa7ce2b0ffef24b579d04",
        "android_client_info": {
          "package_name": "com.cannamaster.cannamastergrowassistant"
        }
      },
      "oauth_client": [
        {
          "client_id": "635961152333-m9f038ql5f8g31a57e6oadldsotemn46.apps.googleusercontent.com",
          "client_type": 3
        }
      ],
      "api_key": [
        {
          "current_key": "AIzaSyCdAY9A_bZWTN7YeWQn3dRqqiDUg9o0buE"
        }
      ],
      "services": {
        "appinvite_service": {
          "other_platform_oauth_client": [
            {
              "client_id": "635961152333-m9f038ql5f8g31a57e6oadldsotemn46.apps.googleusercontent.com",
              "client_type": 3
            }
          ]
        }
      }
    }
  ],
  "configuration_version": "1"
}